{
  "calibration": {
  "width": 4096,
  "height": 2160
  },
  "detection": {
    "width": 1920,
    "height": 1080,
    "cams": {
      "cam1": {
        "tvec": [[5.90686656423],[0.456084544012],[14.2353053215]],
        "rot_vec": [3.067554899225,-0.0141317490576,-0.92414340786],
        "distance": 15.41628338811,
        "intrinsicMatrix": [[1.12650191e+03, 0.00000000e+00, 9.52912640e+02],
                            [0.00000000e+00, 1.12807337e+03, 5.35242527e+02],
                            [0.00000000e+00, 0.00000000e+00, 1.00000000e+00]],
        "dist": [ 0.1556, -0.2802, 0 , 0],
        "focal_length": 1127,
        "pathToCalibrationFile": "",
        "rotation": [[1, 0, 0],[0, 1, 0],[0, 0, 1]],
        "translation": [[0], [0], [0]]
      },
      "cam2": {
        "tvec": [[-1.40401849712],[2.90892751956],[13.0304603986]],
        "rot_vec": [-3.0501511137,0.0662142933567,0.782930797006],
        "distance": 13.453596060410002,
        "intrinsicMatrix": [[1.3976e+03, 0.00000000e+00, 9.53e+02],
                            [0.00000000e+00, 1.4019e+03, 5.44e+02],
                            [0.00000000e+00, 0.00000000e+00, 1.00000000e+00]],
        "dist": [ 0.1767, -0.3406, 0 , 0],
        "focal_length": 1399,
        "pathToCalibrationFile": "",
        "rotation":  [[0, 1, 0],[-1, 0, 0],[0, 0, 1]],
        "translation": [[0.415], [0.415], [0]]
      }
    }
  },
  "intersection": {
    "deltaTime": 0.2
  }
}
